[
    {
        "time": 0,
        "armAcceleration": 0,
        "releaseAngle": 35,
        "footPosition": 0.0,
        "hipRotation": 0,
        "shoulderAlignment": 0,
        "shoulderLevel": -0.5
    },
    {
        "time": 1000,
        "armAcceleration": 1,
        "releaseAngle": 35,
        "footPosition": 0.1,
        "hipRotation": 10,
        "shoulderAlignment": 5,
        "shoulderLevel": -0.4
    },
    {
        "time": 2000,
        "armAcceleration": 2,
        "releaseAngle": 35,
        "footPosition": 0.2,
        "hipRotation": 20,
        "shoulderAlignment": 10,
        "shoulderLevel": -0.3
    },
    {
        "time": 3000,
        "armAcceleration": 3,
        "releaseAngle": 35,
        "footPosition": 0.3,
        "hipRotation": 30,
        "shoulderAlignment": 15,
        "shoulderLevel": -0.2
    },
    {
        "time": 4000,
        "armAcceleration": 4,
        "releaseAngle": 35,
        "footPosition": 0.4,
        "hipRotation": 40,
        "shoulderAlignment": 20,
        "shoulderLevel": -0.1
    },
    {
        "time": 5000,
        "armAcceleration": 5,
        "releaseAngle": 35,
        "footPosition": 0.5,
        "hipRotation": 50,
        "shoulderAlignment": 25,
        "shoulderLevel": 0.0
    },
    {
        "time": 6000,
        "armAcceleration": 5,
        "releaseAngle": 35,
        "footPosition": 0.5,
        "hipRotation": 50,
        "shoulderAlignment": 25,
        "shoulderLevel": 0.0
    },
    {
        "time": 7000,
        "armAcceleration": 5,
        "releaseAngle": 35,
        "footPosition": 0.5,
        "hipRotation": 50,
        "shoulderAlignment": 25,
        "shoulderLevel": 0.0
    }
]
