[
    {
        "time": 0,
        "armAcceleration": 0,
        "releaseAngle": 35,
        "footPosition": 0.0,
        "hipRotation": 0,
        "shoulderAlignment": 0,
        "shoulderLevel": -0.5
    },
    {
        "time": 1000,
        "armAcceleration": 6,
        "releaseAngle": 35,
        "footPosition": 0.2,
        "hipRotation": 60,
        "shoulderAlignment": 30,
        "shoulderLevel": -0.2
    },
    {
        "time": 2000,
        "armAcceleration": 12,
        "releaseAngle": 35,
        "footPosition": 0.4,
        "hipRotation": 120,
        "shoulderAlignment": 60,
        "shoulderLevel": 0.1
    },
    {
        "time": 3000,
        "armAcceleration": 18,
        "releaseAngle": 35,
        "footPosition": 0.6,
        "hipRotation": 180,
        "shoulderAlignment": 90,
        "shoulderLevel": 0.3
    },
    {
        "time": 4000,
        "armAcceleration": 20,
        "releaseAngle": 35,
        "footPosition": 0.7,
        "hipRotation": 180,
        "shoulderAlignment": 120,
        "shoulderLevel": 0.4
    },
    {
        "time": 5000,
        "armAcceleration": 20,
        "releaseAngle": 35,
        "footPosition": 0.8,
        "hipRotation": 180,
        "shoulderAlignment": 150,
        "shoulderLevel": 0.5
    },
    {
        "time": 6000,
        "armAcceleration": 20,
        "releaseAngle": 35,
        "footPosition": 0.8,
        "hipRotation": 180,
        "shoulderAlignment": 150,
        "shoulderLevel": 0.5
    },
    {
        "time": 7000,
        "armAcceleration": 20,
        "releaseAngle": 35,
        "footPosition": 0.8,
        "hipRotation": 180,
        "shoulderAlignment": 150,
        "shoulderLevel": 0.5
    }
]
