[
    {
        "time": 0,
        "armAcceleration": 0,
        "releaseAngle": 35,
        "footPosition": 0.0,
        "hipRotation": 0,
        "shoulderAlignment": 0,
        "shoulderLevel": -0.5
    },
    {
        "time": 1000,
        "armAcceleration": 3,
        "releaseAngle": 35,
        "footPosition": 0.1,
        "hipRotation": 20,
        "shoulderAlignment": 10,
        "shoulderLevel": -0.4
    },
    {
        "time": 2000,
        "armAcceleration": 6,
        "releaseAngle": 35,
        "footPosition": 0.2,
        "hipRotation": 40,
        "shoulderAlignment": 20,
        "shoulderLevel": -0.3
    },
    {
        "time": 3000,
        "armAcceleration": 9,
        "releaseAngle": 35,
        "footPosition": 0.3,
        "hipRotation": 60,
        "shoulderAlignment": 45,
        "shoulderLevel": -0.2
    },
    {
        "time": 4000,
        "armAcceleration": 12,
        "releaseAngle": 35,
        "footPosition": 0.4,
        "hipRotation": 80,
        "shoulderAlignment": 70,
        "shoulderLevel": -0.1
    },
    {
        "time": 5000,
        "armAcceleration": 15,
        "releaseAngle": 35,
        "footPosition": 0.5,
        "hipRotation": 90,
        "shoulderAlignment": 90,
        "shoulderLevel": 0.0
    },
    {
        "time": 6000,
        "armAcceleration": 15,
        "releaseAngle": 35,
        "footPosition": 0.5,
        "hipRotation": 90,
        "shoulderAlignment": 90,
        "shoulderLevel": 0.0
    },
    {
        "time": 7000,
        "armAcceleration": 15,
        "releaseAngle": 35,
        "footPosition": 0.5,
        "hipRotation": 90,
        "shoulderAlignment": 90,
        "shoulderLevel": 0.0
    }
]